-- phpMyAdmin SQL Dump
-- version 4.9.5
-- https://www.phpmyadmin.net/
--
-- Host: localhost:3306
-- Generation Time: May 17, 2021 at 09:52 PM
-- Server version: 10.3.16-MariaDB
-- PHP Version: 7.3.23

SET SQL_MODE = "NO_AUTO_VALUE_ON_ZERO";
SET AUTOCOMMIT = 0;
START TRANSACTION;
SET time_zone = "+00:00";


/*!40101 SET @OLD_CHARACTER_SET_CLIENT=@@CHARACTER_SET_CLIENT */;
/*!40101 SET @OLD_CHARACTER_SET_RESULTS=@@CHARACTER_SET_RESULTS */;
/*!40101 SET @OLD_COLLATION_CONNECTION=@@COLLATION_CONNECTION */;
/*!40101 SET NAMES utf8mb4 */;

--
-- Database: `id9278813_erosa2019`
--

-- --------------------------------------------------------

--
-- Table structure for table `breakdown`
--

CREATE TABLE `breakdown` (
  `break_id` int(11) NOT NULL,
  `break_route` int(11) NOT NULL,
  `break_plateno` int(11) NOT NULL,
  `break_latitude` varchar(100) NOT NULL,
  `break_longtude` varchar(100) NOT NULL,
  `break_type` varchar(100) NOT NULL,
  `break_start` datetime NOT NULL,
  `break_end` datetime NOT NULL DEFAULT '0000-00-00 00:00:00',
  `break_status` int(11) NOT NULL DEFAULT 1
) ENGINE=InnoDB DEFAULT CHARSET=latin1;

--
-- Dumping data for table `breakdown`
--

INSERT INTO `breakdown` (`break_id`, `break_route`, `break_plateno`, `break_latitude`, `break_longtude`, `break_type`, `break_start`, `break_end`, `break_status`) VALUES
(5, 16, 4, '-6.8982841', '37.5659409', 'Flat Tyre', '2020-12-14 09:59:07', '2020-12-29 16:22:49', 0),
(6, 16, 4, '-6.8057554', '37.6630266', 'Low Engine Oil', '2020-12-29 16:23:30', '0000-00-00 00:00:00', 1),
(7, 16, 4, '-6.756236', '37.6746682', 'Empty Tank', '2020-12-25 16:40:55', '0000-00-00 00:00:00', 1);

-- --------------------------------------------------------

--
-- Table structure for table `driver`
--

CREATE TABLE `driver` (
  `driver_id` int(11) NOT NULL,
  `driver_plate_no` varchar(100) NOT NULL,
  `driver_mobile` varchar(100) NOT NULL,
  `driver_lastlogin` datetime NOT NULL DEFAULT '0000-00-00 00:00:00'
) ENGINE=InnoDB DEFAULT CHARSET=latin1;

--
-- Dumping data for table `driver`
--

INSERT INTO `driver` (`driver_id`, `driver_plate_no`, `driver_mobile`, `driver_lastlogin`) VALUES
(4, 'T 141 ATC', '0713644269', '2021-05-03 09:59:28'),
(5, 'T 405 DNU', '0786786876', '2020-12-18 14:46:18'),
(6, 'T 406 DNU', '0786768676', '2021-01-04 08:15:48'),
(7, 'T 144 DSQ', '1444444', '2020-12-16 14:10:06');

-- --------------------------------------------------------

--
-- Table structure for table `management`
--

CREATE TABLE `management` (
  `mgt_id` int(11) NOT NULL,
  `mgt_fullname` varchar(100) NOT NULL,
  `mgt_mail` varchar(100) NOT NULL,
  `mgt_phone` varchar(100) NOT NULL,
  `mgt_status` varchar(100) NOT NULL,
  `mgt_password` varchar(100) NOT NULL,
  `mgt_last_login` datetime NOT NULL
) ENGINE=InnoDB DEFAULT CHARSET=latin1;

--
-- Dumping data for table `management`
--

INSERT INTO `management` (`mgt_id`, `mgt_fullname`, `mgt_mail`, `mgt_phone`, `mgt_status`, `mgt_password`, `mgt_last_login`) VALUES
(1, 'Jovin John', 'jojohn16@mzumbe.ac.tz', '0744829002', '1', '41a592b5721f438ded37de3581edd2ef', '2020-07-04 12:56:34');

-- --------------------------------------------------------

--
-- Table structure for table `movement_to_breakdown`
--

CREATE TABLE `movement_to_breakdown` (
  `id` int(11) NOT NULL,
  `driver` int(11) NOT NULL,
  `route` int(11) NOT NULL,
  `driver_longtude` float NOT NULL,
  `driver_latitude` float NOT NULL,
  `breakdown_id` int(11) NOT NULL,
  `distance_left` float NOT NULL,
  `record_time` datetime NOT NULL
) ENGINE=InnoDB DEFAULT CHARSET=utf8 COLLATE=utf8_unicode_ci;

--
-- Dumping data for table `movement_to_breakdown`
--

INSERT INTO `movement_to_breakdown` (`id`, `driver`, `route`, `driver_longtude`, `driver_latitude`, `breakdown_id`, `distance_left`, `record_time`) VALUES
(42, 5, 16, 37.5735, -6.9177, 5, 2.3, '2020-12-14 13:25:44'),
(43, 5, 16, 37.5724, -6.92293, 5, 2.8, '2020-12-14 13:26:46'),
(44, 5, 16, 37.5724, -6.92293, 5, 2.8, '2020-12-14 13:27:47'),
(45, 5, 16, 37.5724, -6.92293, 5, 2.8, '2020-12-14 13:28:48'),
(46, 5, 16, 37.5686, -6.90554, 5, 0.9, '2020-12-14 13:29:49'),
(47, 5, 16, 37.5653, -6.89972, 5, 0.2, '2020-12-14 13:30:52'),
(52, 5, 16, 37.5742, -6.88617, 5, 1.6, '2020-12-15 14:23:18'),
(53, 5, 16, 37.6418, -6.82957, 5, 11.3, '2020-12-15 14:24:19'),
(54, 5, 16, 37.6418, -6.82957, 5, 11.3, '2020-12-15 14:25:19'),
(55, 5, 16, 37.6392, -6.83968, 5, 10.4, '2020-12-15 14:26:20'),
(56, 5, 16, 37.6392, -6.83968, 5, 10.4, '2020-12-15 14:27:20'),
(57, 5, 16, 37.6237, -6.84127, 5, 9, '2020-12-15 14:28:21'),
(58, 5, 16, 37.6141, -6.85096, 5, 7.5, '2020-12-15 14:28:32'),
(59, 5, 16, 37.6141, -6.85096, 5, 7.5, '2020-12-15 14:29:22'),
(60, 5, 16, 37.6141, -6.85096, 5, 7.5, '2020-12-15 14:29:33'),
(61, 5, 16, 37.6141, -6.85096, 5, 7.5, '2020-12-15 14:30:22'),
(62, 5, 16, 37.6141, -6.85096, 5, 7.5, '2020-12-15 14:30:34'),
(63, 5, 16, 37.6141, -6.85096, 5, 7.5, '2020-12-15 14:31:00'),
(64, 5, 16, 37.6141, -6.85096, 5, 7.5, '2020-12-15 14:31:23'),
(65, 5, 16, 37.6141, -6.85096, 5, 7.5, '2020-12-15 14:31:27'),
(66, 5, 16, 37.6141, -6.85096, 5, 7.5, '2020-12-15 14:31:54'),
(67, 5, 16, 37.6681, -6.83787, 5, 13.1, '2020-12-15 14:32:24'),
(68, 5, 16, 37.6681, -6.83787, 5, 13.1, '2020-12-15 14:32:54'),
(69, 5, 16, 37.5823, -6.88118, 5, 2.6, '2020-12-15 14:33:24'),
(70, 5, 16, 37.5823, -6.88118, 5, 2.6, '2020-12-15 14:33:55'),
(71, 6, 16, 0, 0, 5, 4236.7, '2020-12-15 18:40:26'),
(72, 6, 16, 37.574, -6.91846, 5, 2.4, '2020-12-15 18:41:28'),
(73, 6, 16, 37.5724, -6.92292, 5, 2.8, '2020-12-15 18:42:29'),
(74, 6, 16, 37.5724, -6.92292, 5, 2.8, '2020-12-15 18:43:30'),
(75, 6, 16, 37.5706, -6.91011, 5, 1.4, '2020-12-15 18:44:32'),
(76, 6, 16, 37.5647, -6.91435, 5, 1.8, '2020-12-15 18:45:32'),
(77, 6, 16, 37.5659, -6.89828, 5, 0, '2020-12-15 18:46:33'),
(78, 6, 16, 37.5616, -6.89157, 5, 0.9, '2020-12-15 18:47:33'),
(79, 6, 16, 37.5616, -6.89157, 5, 0.9, '2020-12-15 18:48:36'),
(80, 6, 16, 37.572, -6.8856, 5, 1.6, '2020-12-15 18:49:37'),
(81, 6, 16, 37.572, -6.8856, 5, 1.6, '2020-12-15 18:50:46'),
(82, 6, 16, 37.572, -6.8856, 5, 1.6, '2020-12-16 13:46:41'),
(83, 5, 16, 37.5823, -6.88118, 5, 2.6, '2020-12-17 06:38:26'),
(84, 5, 16, 37.6611, -6.80122, 5, 15.1, '2020-12-17 06:39:26'),
(85, 5, 16, 37.6661, -6.80597, 5, 15.1, '2020-12-17 06:40:27'),
(86, 5, 16, 37.6621, -6.80441, 5, 14.9, '2020-12-17 06:41:28'),
(87, 5, 16, 37.6528, -6.81157, 5, 13.6, '2020-12-17 06:42:29'),
(88, 5, 16, 37.6528, -6.81157, 5, 13.6, '2020-12-17 06:43:30'),
(89, 5, 16, 37.6522, -6.80698, 5, 13.9, '2020-12-17 06:44:30'),
(90, 5, 16, 37.6528, -6.81157, 5, 13.6, '2020-12-17 06:45:31'),
(91, 5, 16, 37.6528, -6.81157, 5, 13.6, '2020-12-17 06:46:32'),
(92, 5, 16, 37.6528, -6.81157, 5, 13.6, '2020-12-17 06:47:32'),
(93, 5, 16, 37.6528, -6.81157, 5, 13.6, '2020-12-17 06:48:35'),
(94, 5, 16, 37.6501, -6.81482, 5, 13.1, '2020-12-17 06:49:36'),
(95, 5, 16, 37.6392, -6.83365, 5, 10.8, '2020-12-17 06:50:37'),
(96, 5, 16, 37.6392, -6.83365, 5, 10.8, '2020-12-17 06:51:38'),
(97, 5, 16, 37.6491, -6.83329, 5, 11.7, '2020-12-17 06:52:38'),
(98, 5, 16, 37.6415, -6.83261, 5, 11.1, '2020-12-17 06:53:39'),
(99, 5, 16, 37.6415, -6.83261, 5, 11.1, '2020-12-17 06:54:40'),
(100, 5, 16, 37.6415, -6.83261, 5, 11.1, '2020-12-17 06:55:41'),
(101, 5, 16, 37.6415, -6.83261, 5, 11.1, '2020-12-17 06:56:41'),
(102, 5, 16, 37.6415, -6.83261, 5, 11.1, '2020-12-17 06:57:42'),
(103, 5, 16, 37.6415, -6.83261, 5, 11.1, '2020-12-17 09:35:37'),
(104, 5, 16, 37.5681, -6.92509, 5, 3, '2020-12-17 09:36:39'),
(105, 5, 16, 37.5681, -6.92509, 5, 3, '2020-12-17 09:36:52'),
(106, 5, 16, 37.5681, -6.92509, 5, 3, '2020-12-17 09:37:40'),
(107, 5, 16, 37.5681, -6.92509, 5, 3, '2020-12-17 09:37:53'),
(108, 5, 16, 37.5681, -6.92509, 5, 3, '2020-12-17 09:38:41'),
(109, 5, 16, 37.5681, -6.92509, 5, 3, '2020-12-17 09:38:54'),
(110, 5, 16, 37.5681, -6.92509, 5, 3, '2020-12-17 09:39:42'),
(111, 5, 16, 37.5681, -6.92509, 5, 3, '2020-12-17 09:39:55'),
(112, 5, 16, 37.5681, -6.92509, 5, 3, '2020-12-17 09:40:42'),
(113, 5, 16, 37.5681, -6.92509, 5, 3, '2020-12-17 09:40:55'),
(114, 5, 16, 37.5681, -6.92509, 5, 3, '2020-12-17 09:41:43'),
(115, 5, 16, 37.5681, -6.92509, 5, 3, '2020-12-17 09:41:56'),
(116, 5, 16, 37.5681, -6.92509, 5, 3, '2020-12-17 09:42:45'),
(117, 5, 16, 37.5681, -6.92509, 5, 3, '2020-12-17 09:43:50'),
(118, 5, 16, 37.5681, -6.92509, 5, 3, '2020-12-17 09:43:50'),
(119, 5, 16, 37.5681, -6.92509, 5, 3, '2020-12-17 11:43:17'),
(120, 5, 16, 37.6623, -6.79427, 5, 15.7, '2020-12-17 11:44:22'),
(121, 5, 16, 37.6621, -6.80441, 5, 14.9, '2020-12-17 11:45:22'),
(122, 5, 16, 37.6532, -6.80905, 5, 13.8, '2020-12-17 11:46:25'),
(123, 5, 16, 37.6528, -6.81157, 5, 13.6, '2020-12-17 11:47:26'),
(124, 5, 16, 37.6522, -6.80924, 5, 13.7, '2020-12-17 11:48:26'),
(125, 5, 16, 37.6528, -6.81157, 5, 13.6, '2020-12-17 11:49:27'),
(126, 5, 16, 37.6528, -6.81157, 5, 13.6, '2020-12-17 11:50:30'),
(127, 5, 16, 37.6528, -6.81157, 5, 13.6, '2020-12-17 11:51:34'),
(128, 5, 16, 37.6528, -6.81157, 5, 13.6, '2020-12-17 11:52:25'),
(129, 5, 16, 37.6528, -6.81157, 5, 13.6, '2020-12-17 11:53:25'),
(130, 5, 16, 37.6528, -6.81157, 5, 13.6, '2020-12-17 11:54:26'),
(131, 5, 16, 37.6528, -6.81157, 5, 13.6, '2020-12-17 11:55:27'),
(132, 6, 16, 37.572, -6.8856, 5, 1.6, '2020-12-17 11:56:30'),
(133, 6, 16, 37.6269, -6.84084, 5, 9.3, '2020-12-17 11:57:33'),
(134, 6, 16, 37.6491, -6.83329, 5, 11.7, '2020-12-17 11:58:33'),
(135, 6, 16, 37.6491, -6.83329, 5, 11.7, '2020-12-17 11:59:37'),
(136, 6, 16, 37.6491, -6.83329, 5, 11.7, '2020-12-17 12:00:38'),
(137, 6, 16, 37.6083, -6.8616, 5, 6.2, '2020-12-17 12:01:38'),
(138, 6, 16, 37.6083, -6.8616, 5, 6.2, '2020-12-17 12:02:39'),
(139, 6, 16, 37.6083, -6.8616, 5, 6.2, '2020-12-17 12:03:40'),
(140, 6, 16, 37.6083, -6.8616, 5, 6.2, '2020-12-17 12:04:41'),
(141, 6, 16, 37.6083, -6.8616, 5, 6.2, '2020-12-17 12:05:42'),
(142, 6, 16, 37.5651, -6.88918, 5, 1, '2020-12-17 12:06:45'),
(143, 6, 16, 37.5651, -6.88918, 5, 1, '2020-12-17 12:07:53'),
(144, 6, 16, 37.5651, -6.88918, 5, 1, '2020-12-17 12:08:56'),
(145, 6, 16, 37.5723, -6.92276, 5, 2.8, '2020-12-17 12:09:57'),
(146, 6, 16, 37.5716, -6.91242, 5, 1.7, '2020-12-17 12:10:58'),
(147, 6, 16, 37.5716, -6.91242, 5, 1.7, '2020-12-17 12:12:02'),
(148, 5, 16, 37.6528, -6.81157, 5, 13.6, '2020-12-18 14:46:33'),
(149, 5, 16, 37.6426, -6.82725, 5, 11.6, '2020-12-18 14:47:34'),
(150, 5, 16, 37.6478, -6.8282, 5, 11.9, '2020-12-18 14:48:35'),
(151, 5, 16, 37.6565, -6.84826, 5, 11.4, '2020-12-18 14:49:54'),
(152, 5, 16, 37.6491, -6.83329, 5, 11.7, '2020-12-18 14:50:55'),
(153, 5, 16, 37.6491, -6.83329, 5, 11.7, '2020-12-18 14:51:55'),
(154, 5, 16, 37.6491, -6.83329, 5, 11.7, '2020-12-18 14:52:32'),
(155, 5, 16, 37.6076, -6.86261, 5, 6.1, '2020-12-18 14:53:35'),
(156, 5, 16, 37.6076, -6.86261, 5, 6.1, '2020-12-18 14:54:45'),
(157, 5, 16, 37.6076, -6.86261, 5, 6.1, '2020-12-18 14:55:48'),
(158, 6, 16, 37.5716, -6.91242, 5, 1.7, '2020-12-23 07:37:00'),
(159, 6, 16, 37.6508, -6.81203, 5, 13.4, '2020-12-23 07:37:17'),
(160, 6, 16, 37.6501, -6.8151, 5, 13.1, '2020-12-23 07:38:18'),
(161, 6, 16, 37.6471, -6.81921, 5, 12.6, '2020-12-23 07:39:19'),
(162, 6, 16, 37.6415, -6.8296, 5, 11.3, '2020-12-23 07:40:20'),
(163, 6, 16, 37.6428, -6.83606, 5, 10.9, '2020-12-23 07:41:21'),
(164, 6, 16, 37.6364, -6.83621, 5, 10.4, '2020-12-23 07:42:22'),
(165, 6, 16, 37.6428, -6.83606, 5, 10.9, '2020-12-23 07:43:22'),
(166, 6, 16, 37.6428, -6.83606, 5, 10.9, '2020-12-23 07:44:23'),
(167, 6, 16, 37.6398, -6.83496, 5, 10.8, '2020-12-23 07:45:24'),
(168, 6, 16, 37.6071, -6.86382, 5, 5.9, '2020-12-23 07:46:25'),
(169, 6, 16, 37.6071, -6.86382, 5, 5.9, '2020-12-23 07:47:26'),
(170, 6, 16, 37.6071, -6.86382, 5, 5.9, '2020-12-29 09:33:55'),
(178, 6, 16, 37.6461, -6.82561, 6, 2.9, '2020-12-30 08:03:05'),
(179, 6, 16, 37.6592, -6.76587, 6, 4.5, '2020-12-30 08:04:06'),
(180, 6, 16, 37.6618, -6.76855, 6, 4.1, '2020-12-30 08:05:07'),
(181, 6, 16, 37.6581, -6.77929, 6, 3, '2020-12-30 08:06:08'),
(182, 6, 16, 37.6581, -6.77929, 6, 3, '2020-12-30 08:07:09'),
(183, 6, 16, 37.6611, -6.80094, 6, 0.6, '2020-12-30 08:08:09'),
(184, 6, 16, 37.6618, -6.79184, 6, 1.6, '2020-12-30 08:09:10'),
(185, 6, 16, 37.6611, -6.80094, 6, 0.6, '2020-12-30 08:10:11'),
(186, 6, 16, 37.6661, -6.80597, 6, 0.3, '2020-12-30 08:11:12'),
(187, 6, 16, 37.6633, -6.80418, 6, 0.2, '2020-12-30 08:12:12'),
(188, 6, 16, 37.6633, -6.80418, 6, 0.2, '2020-12-30 08:13:14'),
(189, 6, 16, 37.6525, -6.81187, 6, 1.3, '2020-12-30 08:14:07'),
(190, 6, 16, 37.6525, -6.81187, 6, 1.3, '2020-12-30 15:22:18'),
(191, 6, 16, 37.5659, -6.89828, 6, 14.9, '2020-12-30 15:23:19'),
(192, 6, 16, 37.5659, -6.89828, 6, 14.9, '2020-12-30 15:24:21'),
(193, 6, 16, 37.577, -6.8835, 6, 12.8, '2020-12-30 15:25:22'),
(194, 6, 16, 37.5836, -6.88018, 6, 12.1, '2020-12-30 15:26:23'),
(195, 6, 16, 37.5904, -6.87581, 6, 11.2, '2020-12-30 15:27:23'),
(196, 6, 16, 37.5904, -6.87581, 6, 11.2, '2020-12-30 15:28:24'),
(197, 6, 16, 37.6432, -6.8577, 6, 6.2, '2020-12-30 15:29:25'),
(198, 6, 16, 37.6432, -6.8577, 6, 6.2, '2020-12-30 15:30:25'),
(199, 6, 16, 37.627, -6.8407, 6, 5.6, '2020-12-30 15:31:26'),
(200, 6, 16, 37.627, -6.8407, 6, 5.6, '2020-12-30 15:32:29'),
(201, 6, 16, 37.627, -6.8407, 6, 5.6, '2020-12-30 15:33:32'),
(202, 6, 16, 37.6411, -6.82921, 6, 3.6, '2020-12-30 15:33:52'),
(203, 6, 16, 37.6528, -6.8442, 6, 4.4, '2020-12-30 15:34:53'),
(204, 6, 16, 37.6358, -6.83066, 6, 4.1, '2020-12-30 15:35:53'),
(205, 6, 16, 37.6485, -6.81744, 6, 2.1, '2020-12-30 15:36:54'),
(206, 6, 16, 37.6505, -6.81287, 6, 1.6, '2020-12-30 15:37:56'),
(207, 6, 16, 37.6593, -6.80496, 6, 0.4, '2020-12-30 15:38:57'),
(208, 6, 16, 37.6591, -6.80567, 6, 0.4, '2020-12-31 14:21:11'),
(209, 6, 16, 37.6566, -6.7668, 6, 4.4, '2020-12-31 14:22:12'),
(210, 6, 16, 37.6568, -6.76297, 6, 4.8, '2020-12-31 14:23:12'),
(211, 6, 16, 37.6578, -6.77795, 6, 3.1, '2020-12-31 14:24:13'),
(212, 6, 16, 37.6591, -6.78217, 6, 2.7, '2020-12-31 14:25:14'),
(213, 6, 16, 37.6624, -6.79315, 6, 1.4, '2020-12-31 14:26:15'),
(214, 6, 16, 37.6618, -6.79481, 6, 1.2, '2020-12-31 14:27:15'),
(215, 6, 16, 37.6611, -6.80094, 6, 0.6, '2020-12-31 14:28:16'),
(216, 6, 16, 37.6658, -6.80463, 6, 0.3, '2020-12-31 14:29:17'),
(217, 6, 16, 37.6664, -6.80424, 6, 0.4, '2020-12-31 14:30:20'),
(218, 6, 16, 37.673, -6.80437, 6, 1.1, '2020-12-31 14:31:21'),
(219, 6, 16, 37.673, -6.80437, 6, 1.1, '2020-12-31 14:32:23'),
(220, 6, 16, 37.673, -6.80437, 6, 1.1, '2020-12-31 14:33:30'),
(221, 6, 16, 37.673, -6.80437, 6, 1.1, '2020-12-31 14:34:40'),
(222, 6, 16, 37.673, -6.80437, 6, 1.1, '2021-01-04 08:15:59'),
(223, 6, 16, 37.6585, -6.76145, 6, 5, '2021-01-04 08:17:01'),
(224, 6, 16, 37.6654, -6.77123, 6, 3.8, '2021-01-04 08:18:03'),
(225, 6, 16, 37.6581, -6.77929, 6, 3, '2021-01-04 08:19:03'),
(226, 6, 16, 37.6575, -6.76894, 6, 4.1, '2021-01-04 08:20:04'),
(227, 6, 16, 37.6612, -6.79146, 6, 1.6, '2021-01-04 08:21:08'),
(228, 6, 16, 37.6608, -6.8007, 6, 0.6, '2021-01-04 08:22:08'),
(229, 6, 16, 37.662, -6.80128, 6, 0.5, '2021-01-04 08:23:08'),
(230, 6, 16, 37.663, -6.80575, 6, 0, '2021-01-04 08:24:09'),
(231, 6, 16, 37.663, -6.80575, 6, 0, '2021-01-04 08:25:12'),
(232, 6, 16, 37.663, -6.80575, 6, 0, '2021-01-04 08:26:49');

-- --------------------------------------------------------

--
-- Table structure for table `route`
--

CREATE TABLE `route` (
  `route_id` int(11) NOT NULL,
  `route_name` varchar(100) NOT NULL
) ENGINE=InnoDB DEFAULT CHARSET=latin1;

--
-- Dumping data for table `route`
--

INSERT INTO `route` (`route_id`, `route_name`) VALUES
(16, 'Msamvu - Mzumbe'),
(17, 'Dar - Moro');

-- --------------------------------------------------------

--
-- Table structure for table `watch_list`
--

CREATE TABLE `watch_list` (
  `watch_list_id` int(11) NOT NULL,
  `watch_list_driver` int(11) NOT NULL,
  `watch_list_route` int(11) NOT NULL,
  `watch_list_lon` float NOT NULL,
  `watch_list_lat` float NOT NULL,
  `whatchlist_last_time` datetime NOT NULL
) ENGINE=InnoDB DEFAULT CHARSET=latin1;

--
-- Dumping data for table `watch_list`
--

INSERT INTO `watch_list` (`watch_list_id`, `watch_list_driver`, `watch_list_route`, `watch_list_lon`, `watch_list_lat`, `whatchlist_last_time`) VALUES
(3, 5, 16, 37.6076, -6.86261, '2020-12-18 14:52:34'),
(4, 6, 16, 37.663, -6.80575, '2021-01-04 08:23:13');

--
-- Indexes for dumped tables
--

--
-- Indexes for table `breakdown`
--
ALTER TABLE `breakdown`
  ADD PRIMARY KEY (`break_id`),
  ADD KEY `breakdown_ibfk_1` (`break_plateno`),
  ADD KEY `breakdown_ibfk_2` (`break_route`);

--
-- Indexes for table `driver`
--
ALTER TABLE `driver`
  ADD PRIMARY KEY (`driver_id`);

--
-- Indexes for table `management`
--
ALTER TABLE `management`
  ADD PRIMARY KEY (`mgt_id`);

--
-- Indexes for table `movement_to_breakdown`
--
ALTER TABLE `movement_to_breakdown`
  ADD PRIMARY KEY (`id`),
  ADD KEY `driver` (`driver`),
  ADD KEY `breakdown_id` (`breakdown_id`),
  ADD KEY `route` (`route`);

--
-- Indexes for table `route`
--
ALTER TABLE `route`
  ADD PRIMARY KEY (`route_id`);

--
-- Indexes for table `watch_list`
--
ALTER TABLE `watch_list`
  ADD PRIMARY KEY (`watch_list_id`),
  ADD KEY `watch_list_driver` (`watch_list_driver`),
  ADD KEY `watch_list_route` (`watch_list_route`);

--
-- AUTO_INCREMENT for dumped tables
--

--
-- AUTO_INCREMENT for table `breakdown`
--
ALTER TABLE `breakdown`
  MODIFY `break_id` int(11) NOT NULL AUTO_INCREMENT, AUTO_INCREMENT=8;

--
-- AUTO_INCREMENT for table `driver`
--
ALTER TABLE `driver`
  MODIFY `driver_id` int(11) NOT NULL AUTO_INCREMENT, AUTO_INCREMENT=8;

--
-- AUTO_INCREMENT for table `management`
--
ALTER TABLE `management`
  MODIFY `mgt_id` int(11) NOT NULL AUTO_INCREMENT, AUTO_INCREMENT=2;

--
-- AUTO_INCREMENT for table `movement_to_breakdown`
--
ALTER TABLE `movement_to_breakdown`
  MODIFY `id` int(11) NOT NULL AUTO_INCREMENT, AUTO_INCREMENT=233;

--
-- AUTO_INCREMENT for table `route`
--
ALTER TABLE `route`
  MODIFY `route_id` int(11) NOT NULL AUTO_INCREMENT, AUTO_INCREMENT=18;

--
-- AUTO_INCREMENT for table `watch_list`
--
ALTER TABLE `watch_list`
  MODIFY `watch_list_id` int(11) NOT NULL AUTO_INCREMENT, AUTO_INCREMENT=5;

--
-- Constraints for dumped tables
--

--
-- Constraints for table `breakdown`
--
ALTER TABLE `breakdown`
  ADD CONSTRAINT `breakdown_ibfk_1` FOREIGN KEY (`break_plateno`) REFERENCES `driver` (`driver_id`) ON DELETE NO ACTION ON UPDATE CASCADE,
  ADD CONSTRAINT `breakdown_ibfk_2` FOREIGN KEY (`break_route`) REFERENCES `route` (`route_id`) ON DELETE NO ACTION ON UPDATE CASCADE;

--
-- Constraints for table `movement_to_breakdown`
--
ALTER TABLE `movement_to_breakdown`
  ADD CONSTRAINT `movement_to_breakdown_ibfk_1` FOREIGN KEY (`driver`) REFERENCES `driver` (`driver_id`) ON DELETE CASCADE ON UPDATE CASCADE,
  ADD CONSTRAINT `movement_to_breakdown_ibfk_2` FOREIGN KEY (`breakdown_id`) REFERENCES `breakdown` (`break_id`) ON DELETE CASCADE ON UPDATE CASCADE,
  ADD CONSTRAINT `movement_to_breakdown_ibfk_3` FOREIGN KEY (`route`) REFERENCES `route` (`route_id`) ON DELETE CASCADE ON UPDATE CASCADE;

--
-- Constraints for table `watch_list`
--
ALTER TABLE `watch_list`
  ADD CONSTRAINT `watch_list_ibfk_1` FOREIGN KEY (`watch_list_driver`) REFERENCES `driver` (`driver_id`) ON DELETE CASCADE ON UPDATE CASCADE,
  ADD CONSTRAINT `watch_list_ibfk_2` FOREIGN KEY (`watch_list_route`) REFERENCES `route` (`route_id`) ON DELETE CASCADE ON UPDATE CASCADE;
COMMIT;

/*!40101 SET CHARACTER_SET_CLIENT=@OLD_CHARACTER_SET_CLIENT */;
/*!40101 SET CHARACTER_SET_RESULTS=@OLD_CHARACTER_SET_RESULTS */;
/*!40101 SET COLLATION_CONNECTION=@OLD_COLLATION_CONNECTION */;
